{"config":{"LayerInputConfig":[4,"relu"],"LayersConfig":[[3,2,3],"relu"],"LayerOutputConfig":[3,"sigmoid"]},"weight":{"Layer":[[[0.49379616391035613,0.24023606345059723,1.680086652380162,2.028374760564617],[0.540371120115793,-0.18627812653330017,0.5039713698470061,-0.10974776644374466],[0.8957279981836217,-0.013758714925697177,1.8245833476500561,0.9551525599963799]],[[1.9621353796258034,0.9578924281537389,-0.014594710285292106],[1.4883510355077456,1.6780314169590218,2.0601295199249163]],[[0.3857511306392382,0.22679292433983145],[0.18826263364309676,-0.0542371291763654],[2.236794659552292,1.3240492348055921]]],"LayerInput":[[0.9059049985125696,0.07063544517801845,0.5150228096840397],[0.724024934178118,1.295795613206896,0.707471367385021],[0.8634113098431566,0.5744347863399,0.040304811831247234],[1.2559038876484445,0.53445664414767,0.4051103198089788]],"LayerOutput":[[0.5427875578143952,1.782887056291074,0.16248782305996573],[0.489120842733402,1.2992010948313373,-0.17975504680909715],[1.085942832153762,2.267200331073648,2.278537174015476]]}}